,PassengerId,Survived,Passenger_Class,Age,Siblings_Spouses,Parents_Children,Fare
count,884.0,884.0,884.0,884.0,884.0,884.0,884.0
mean,442.5,0.38574660633484165,2.3065610859728505,29.42213800904977,0.5192307692307693,0.38009049773755654,32.3191592760181
std,255.33311575273584,0.4870467166867626,0.837892211841824,13.011541407785877,1.100125122567246,0.806464252005245,49.8699890999172
min,1.0,0.0,1.0,0.42,0.0,0.0,0.0
25%,221.75,0.0,2.0,22.0,0.0,0.0,7.8958
50%,442.5,0.0,3.0,28.0,0.0,0.0,14.4542
75%,663.25,1.0,3.0,35.0,1.0,0.0,31.275
max,884.0,1.0,3.0,80.0,8.0,6.0,512.3292
